Delta Time, X Point, Y Point, Position, Velocity, Acceleration, Jerk, Heading, 
0.020000,7.000000,17.000000,0.000040,-0.003976,0.198779,9.938942,3.141592,
0.020000,7.000058,17.000000,0.000098,-0.002897,-0.053915,-12.634682,3.141598,
0.020000,7.000416,17.000000,0.000456,-0.017890,0.749641,40.177767,3.141636,
0.020000,7.001052,17.000000,0.001092,-0.031805,0.695726,-2.695708,3.141704,
0.020000,7.002046,17.000000,0.002085,-0.049695,0.894505,9.938909,3.141810,
0.020000,7.003477,17.000001,0.003517,-0.071560,1.093284,9.938951,3.141962,
0.020000,7.005425,17.000002,0.005465,-0.097402,1.292063,9.938948,3.142169,
0.020000,7.007969,17.000003,0.008009,-0.127218,1.490841,9.938935,3.142440,
0.020000,7.011190,17.000007,0.011229,-0.161011,1.689620,9.938945,3.142782,
0.020000,7.015165,17.000012,0.015205,-0.198779,1.888399,9.938937,3.143205,
0.020000,7.019976,17.000021,0.020015,-0.240522,2.087178,9.938940,3.143717,
0.020000,7.025700,17.000035,0.025740,-0.286242,2.285957,9.938958,3.144327,
0.020000,7.032419,17.000056,0.032459,-0.335936,2.484735,9.938916,3.145042,
0.020000,7.040211,17.000086,0.040251,-0.389607,2.683514,9.938945,3.145871,
0.020000,7.049156,17.000129,0.049196,-0.447252,2.882293,9.938947,3.146824,
0.020000,7.059333,17.000187,0.059374,-0.508874,3.081071,9.938919,3.147907,
0.020000,7.070823,17.000267,0.070863,-0.574471,3.279851,9.938957,3.149131,
0.020000,7.083703,17.000373,0.083744,-0.644043,3.478629,9.938917,3.150503,
0.020000,7.098054,17.000512,0.098096,-0.717592,3.677407,9.938929,3.152032,
0.020000,7.113955,17.000691,0.113998,-0.795115,3.876186,9.938934,3.153727,
0.020000,7.131486,17.000920,0.131530,-0.876615,4.074965,9.938927,3.155596,
0.020000,7.150726,17.001210,0.150772,-0.962089,4.273743,9.938907,3.157648,
0.020000,7.171754,17.001571,0.171803,-1.051540,4.472521,9.938928,3.159891,
0.020000,7.194648,17.002018,0.194702,-1.144966,4.671299,9.938901,3.162334,
0.020000,7.219490,17.002566,0.219550,-1.242367,4.870078,9.938914,3.164985,
0.020000,7.246356,17.003233,0.246424,-1.343744,5.068856,9.938895,3.167854,
0.020000,7.275327,17.004039,0.275406,-1.449097,5.267633,9.938883,3.170948,
0.020000,7.306481,17.005006,0.306575,-1.558425,5.466411,9.938889,3.174276,
0.020000,7.339895,17.006158,0.340009,-1.671729,5.665189,9.938885,3.177846,
0.020000,7.375649,17.007523,0.375790,-1.789008,5.863966,9.938840,3.181667,
0.020000,7.413821,17.009132,0.413995,-1.910263,6.062743,9.938860,3.185747,
0.020000,7.454487,17.011017,0.454705,-2.035494,6.261520,9.938839,3.190094,
0.020000,7.497725,17.013216,0.497999,-2.164700,6.460296,9.938828,3.194716,
0.020000,7.543612,17.015769,0.543956,-2.297881,6.659072,9.938813,3.199621,
0.020000,7.592223,17.018720,0.592657,-2.435038,6.857848,9.938791,3.204816,
0.020000,7.643595,17.022113,0.644141,-2.574183,6.957235,4.969327,3.210304,
0.020000,7.697722,17.025996,0.698407,-2.713327,6.957232,-0.000135,3.216084,
0.020000,7.754600,17.030414,0.755457,-2.852472,6.957229,-0.000135,3.222154,
0.020000,7.814223,17.035419,0.815289,-2.991616,6.957227,-0.000139,3.228512,
0.020000,7.876583,17.041062,0.877904,-3.130761,6.957223,-0.000156,3.235154,
0.020000,7.941674,17.047397,0.943302,-3.269905,6.957221,-0.000143,3.242079,
0.020000,8.009486,17.054481,1.011483,-3.409050,6.957217,-0.000155,3.249281,
0.020000,8.080010,17.062372,1.082447,-3.548194,6.957215,-0.000137,3.256758,
0.020000,8.153235,17.071130,1.156194,-3.687338,6.957212,-0.000158,3.264504,
0.020000,8.229149,17.080817,1.232724,-3.826482,6.957209,-0.000130,3.272514,
0.020000,8.307739,17.091497,1.312036,-3.965627,6.957206,-0.000143,3.280782,
0.020000,8.388991,17.103233,1.394132,-4.104771,6.957203,-0.000136,3.289301,
0.020000,8.472890,17.116093,1.479010,-4.243915,6.957201,-0.000105,3.298063,
0.020000,8.559417,17.130143,1.566671,-4.383059,6.957199,-0.000114,3.307060,
0.020000,8.648556,17.145452,1.657115,-4.522203,6.957197,-0.000095,3.316283,
0.020000,8.740287,17.162089,1.750342,-4.661346,6.957196,-0.000066,3.325721,
0.020000,8.834588,17.180123,1.846352,-4.800490,6.957194,-0.000068,3.335364,
0.020000,8.931437,17.199624,1.945145,-4.939634,6.957194,-0.000036,3.345199,
0.020000,9.030810,17.220662,2.046720,-5.078778,6.957194,-0.000001,3.355215,
0.020000,9.132682,17.243306,2.151079,-5.217922,6.957194,0.000004,3.365396,
0.020000,9.237027,17.267625,2.258220,-5.357066,6.957195,0.000044,3.375729,
0.020000,9.343816,17.293688,2.368144,-5.496210,6.957196,0.000078,3.386197,
0.020000,9.453022,17.321563,2.480851,-5.635354,6.957198,0.000092,3.396785,
0.020000,9.564614,17.351315,2.596341,-5.774498,6.957201,0.000140,3.407474,
0.020000,9.678561,17.383008,2.714614,-5.913642,6.957204,0.000167,3.418247,
0.020000,9.794832,17.416705,2.835670,-6.052786,6.957208,0.000199,3.429083,
0.020000,9.913395,17.452467,2.959508,-6.191930,6.957213,0.000237,3.439965,
0.020000,10.034216,17.490351,3.086130,-6.331075,6.957218,0.000263,3.450870,
0.020000,10.157264,17.530412,3.215534,-6.470219,6.957224,0.000297,3.461777,
0.020000,10.282503,17.572702,3.347721,-6.609364,6.957231,0.000325,3.472666,
0.020000,10.409903,17.617270,3.482692,-6.748508,6.957238,0.000354,3.483513,
0.020000,10.539430,17.664161,3.620445,-6.887653,6.957245,0.000373,3.494296,
0.020000,10.671015,17.713401,3.760941,-7.024811,6.857865,-4.969002,3.504988,
0.020000,10.804553,17.764997,3.904101,-7.157993,6.659097,-9.938397,3.515562,
0.020000,10.939943,17.818950,4.049845,-7.287199,6.460329,-9.938399,3.525987,
0.020000,11.077085,17.875251,4.198093,-7.412430,6.261561,-9.938410,3.536238,
0.020000,11.215882,17.933884,4.348767,-7.533686,6.062792,-9.938430,3.546287,
0.020000,11.356242,17.994829,4.501786,-7.650967,5.864023,-9.938457,3.556108,
0.020000,11.498073,18.058053,4.657072,-7.764272,5.665253,-9.938491,3.565676,
0.020000,11.641291,18.123522,4.814544,-7.873601,5.466483,-9.938530,3.574967,
0.020000,11.785812,18.191190,4.974123,-7.978956,5.267711,-9.938577,3.583959,
0.020000,11.931559,18.261009,5.135730,-8.080334,5.068939,-9.938624,3.592630,
0.020000,12.078457,18.332920,5.299284,-8.177738,4.870165,-9.938680,3.600959,
0.020000,12.226435,18.406861,5.464708,-8.271166,4.671391,-9.938733,3.608927,
0.020000,12.375428,18.482764,5.631920,-8.360618,4.472615,-9.938793,3.616517,
0.020000,12.525372,18.560553,5.800842,-8.446095,4.273838,-9.938847,3.623711,
0.020000,12.676212,18.640149,5.971394,-8.527596,4.075060,-9.938907,3.630493,
0.020000,12.827891,18.721466,6.143496,-8.605121,3.876280,-9.938967,3.636849,
0.020000,12.980361,18.804416,6.317070,-8.678671,3.677500,-9.939017,3.642766,
0.020000,13.133575,18.888904,6.492035,-8.748246,3.478718,-9.939075,3.648230,
0.020000,13.287490,18.974832,6.668312,-8.813845,3.279936,-9.939126,3.653230,
0.020000,13.442068,19.062099,6.845821,-8.875468,3.081152,-9.939176,3.657755,
0.020000,13.597271,19.150597,7.024483,-8.933115,2.882368,-9.939222,3.661796,
0.020000,13.753069,19.240219,7.204219,-8.986787,2.683583,-9.939267,3.665344,
0.020000,13.909429,19.330853,7.384949,-9.036483,2.484796,-9.939307,3.668389,
0.020000,14.066327,19.422384,7.566593,-9.082203,2.286010,-9.939346,3.670925,
0.020000,14.223735,19.514694,7.749072,-9.123947,2.087222,-9.939380,3.672945,
0.020000,14.381632,19.607664,7.932306,-9.161716,1.888434,-9.939411,3.674442,
0.020000,14.539996,19.701172,8.116216,-9.195509,1.689645,-9.939441,3.675410,
0.020000,14.698807,19.795095,8.300723,-9.225326,1.490856,-9.939465,3.675844,
0.020000,14.858048,19.889307,8.485746,-9.251167,1.292066,-9.939488,3.675740,
0.020000,15.017701,19.983682,8.671207,-9.273033,1.093276,-9.939507,3.675093,
0.020000,15.177749,20.078092,8.857025,-9.290922,0.894485,-9.939522,3.673899,
0.020000,15.338175,20.172408,9.043122,-9.304836,0.695695,-9.939535,3.672156,
0.020000,15.498963,20.266500,9.229417,-9.314774,0.496904,-9.939543,3.669860,
0.020000,15.660095,20.360238,9.415832,-9.320737,0.298113,-9.939547,3.667010,
0.020000,15.821540,20.453483,9.602270,-9.321910,0.058663,-11.972501,3.663604,
0.020000,15.983265,20.546098,9.788636,-9.318294,-0.180787,-11.972493,3.659642,
0.020000,16.145249,20.637950,9.974850,-9.310703,-0.379578,-9.939528,3.655124,
0.020000,16.307469,20.728912,10.160833,-9.299135,-0.578368,-9.939515,3.650051,
0.020000,16.469902,20.818854,10.346505,-9.283592,-0.777158,-9.939493,3.644425,
0.020000,16.632520,20.907649,10.531786,-9.264073,-0.975947,-9.939467,3.638249,
0.020000,16.795294,20.995170,10.716598,-9.240578,-1.174736,-9.939433,3.631525,
0.020000,16.958190,21.081294,10.900860,-9.213108,-1.373524,-9.939394,3.624259,
0.020000,17.121173,21.165899,11.084493,-9.181662,-1.572311,-9.939345,3.616457,
0.020000,17.284201,21.248865,11.267418,-9.146240,-1.771096,-9.939294,3.608126,
0.020000,17.447230,21.330076,11.449555,-9.106842,-1.969881,-9.939230,3.599275,
0.020000,17.610213,21.409419,11.630824,-9.063469,-2.168664,-9.939162,3.589914,
0.020000,17.773095,21.486786,11.811147,-9.016120,-2.367446,-9.939086,3.580055,
0.020000,17.935818,21.562072,11.990442,-8.964795,-2.566226,-9.939003,3.569711,
0.020000,18.098321,21.635179,12.168632,-8.909495,-2.765004,-9.938915,3.558899,
0.020000,18.260534,21.706014,12.345637,-8.850220,-2.963781,-9.938823,3.547635,
0.020000,18.422384,21.774488,12.521376,-8.786969,-3.162555,-9.938725,3.535938,
0.020000,18.583794,21.840522,12.695771,-8.719742,-3.361328,-9.938625,3.523829,
0.020000,18.744679,21.904042,12.868742,-8.648540,-3.560098,-9.938526,3.511333,
0.020000,18.904952,21.964983,13.040209,-8.573363,-3.758867,-9.938427,3.498472,
0.020000,19.064302,22.023712,13.210037,-8.491413,-4.097479,-16.930581,3.499017,
0.020000,19.221327,22.084055,13.378258,-8.411027,-4.019325,3.907688,3.517469,
0.020000,19.375693,22.146397,13.544737,-8.323962,-4.353226,-16.695072,3.532899,
0.020000,19.527493,22.210185,13.709395,-8.232914,-4.552421,-9.959753,3.545464,
0.020000,19.676826,22.274914,13.872153,-8.137883,-4.751558,-9.956825,3.555313,
0.020000,19.823790,22.340114,14.032930,-8.038870,-4.950641,-9.954167,3.562588,
0.020000,19.968479,22.405354,14.191648,-7.935876,-5.149678,-9.951827,3.567415,
0.020000,20.110981,22.470237,14.348226,-7.828903,-5.348674,-9.949810,3.569913,
0.020000,20.251376,22.534394,14.502585,-7.717950,-5.547636,-9.948091,3.570187,
0.020000,20.389730,22.597485,14.654645,-7.603019,-5.746568,-9.946624,3.568335,
0.020000,20.526098,22.659198,14.804327,-7.484109,-5.945475,-9.945365,3.564445,
0.020000,20.660521,22.719243,14.951552,-7.361222,-6.144361,-9.944267,3.558599,
0.020000,20.793025,22.777356,15.096239,-7.234357,-6.343227,-9.943286,3.550876,
0.020000,20.923620,22.833293,15.238309,-7.103516,-6.542074,-9.942382,3.541351,
0.020000,21.052299,22.886834,15.377683,-6.968698,-6.740905,-9.941522,3.530099,
0.020000,21.179056,22.937788,15.514298,-6.830717,-6.899060,-7.907770,3.517196,
0.020000,21.303902,22.985998,15.648129,-6.691560,-6.957813,-2.937631,3.502717,
0.020000,21.426857,23.031339,15.779177,-6.552404,-6.957823,-0.000502,3.486738,
0.020000,21.547924,23.073701,15.907442,-6.413248,-6.957820,0.000148,3.469336,
0.020000,21.667094,23.112996,16.032924,-6.274091,-6.957804,0.000793,3.450595,
0.020000,21.784344,23.149156,16.155622,-6.134936,-6.957775,0.001438,3.430608,
0.020000,21.899636,23.182132,16.275538,-5.995781,-6.957734,0.002067,3.409471,
0.020000,22.012924,23.211895,16.392671,-5.856628,-6.957680,0.002662,3.387293,
0.020000,22.124150,23.238439,16.507020,-5.717475,-6.957616,0.003204,3.364188,
0.020000,22.233248,23.261779,16.618587,-5.578324,-6.957543,0.003667,3.340282,
0.020000,22.340145,23.281950,16.727370,-5.439175,-6.957463,0.004023,3.315703,
0.020000,22.444764,23.299010,16.833371,-5.300028,-6.957377,0.004254,3.290591,
0.020000,22.547024,23.313038,16.936588,-5.160882,-6.957291,0.004341,3.265085,
0.020000,22.646844,23.324133,17.037023,-5.021738,-6.957205,0.004277,3.239329,
0.020000,22.744145,23.332410,17.134675,-4.882595,-6.957124,0.004065,3.213464,
0.020000,22.838848,23.338005,17.229544,-4.743454,-6.957049,0.003718,3.187631,
0.020000,22.930884,23.341067,17.321630,-4.604315,-6.956984,0.003260,3.161963,
0.020000,23.020185,23.341756,17.410934,-4.465176,-6.956930,0.002712,3.136587,
0.020000,23.106692,23.340245,17.497455,-4.326038,-6.956887,0.002127,3.111619,
0.020000,23.190356,23.336714,17.581193,-4.186901,-6.956857,0.001522,3.087164,
0.020000,23.271133,23.331348,17.662148,-4.047764,-6.956838,0.000926,3.063317,
0.020000,23.348990,23.324333,17.740321,-3.908628,-6.956831,0.000384,3.040158,
0.020000,23.423902,23.315860,17.815710,-3.769491,-6.956833,-0.000111,3.017756,
0.020000,23.495852,23.306114,17.888317,-3.630354,-6.956843,-0.000509,2.996168,
0.020000,23.564831,23.295280,17.958142,-3.491217,-6.956860,-0.000847,2.975437,
0.020000,23.630836,23.283536,18.025183,-3.352079,-6.956882,-0.001108,2.955598,
0.020000,23.693871,23.271055,18.089442,-3.212941,-6.956908,-0.001284,2.936673,
0.020000,23.753946,23.258004,18.150918,-3.073802,-6.956935,-0.001374,2.918678,
0.020000,23.811074,23.244540,18.209611,-2.934663,-6.956965,-0.001469,2.901620,
0.020000,23.865273,23.230814,18.265522,-2.795523,-6.956994,-0.001438,2.885500,
0.020000,23.916565,23.216966,18.318650,-2.656383,-6.957022,-0.001427,2.870315,
0.020000,23.964971,23.203129,18.368994,-2.517242,-6.957050,-0.001378,2.856054,
0.020000,24.010532,23.189423,18.416573,-2.378914,-6.916417,2.031629,2.842703,
0.020000,24.053327,23.175943,18.461440,-2.243386,-6.776395,7.001097,2.830231,
0.020000,24.093457,23.162770,18.503677,-2.111833,-6.577641,9.937716,2.818602,
0.020000,24.131021,23.149970,18.543362,-1.984255,-6.378883,9.937879,2.807777,
0.020000,24.166118,23.137600,18.580575,-1.860653,-6.180123,9.938022,2.797720,
0.020000,24.198845,23.125708,18.615396,-1.741025,-5.981360,9.938149,2.788395,
0.020000,24.229297,23.114332,18.647903,-1.625374,-5.782594,9.938274,2.779764,
0.020000,24.257567,23.103502,18.678177,-1.513697,-5.583827,9.938389,2.771794,
0.020000,24.283749,23.093243,18.706297,-1.405996,-5.385058,9.938457,2.764449,
0.020000,24.307931,23.083569,18.732342,-1.302270,-5.186286,9.938552,2.757698,
0.020000,24.330203,23.074492,18.756393,-1.202520,-4.987515,9.938588,2.751508,
0.020000,24.350651,23.066017,18.778528,-1.106745,-4.788741,9.938672,2.745849,
0.020000,24.369361,23.058144,18.798827,-1.014946,-4.589967,9.938729,2.740692,
0.020000,24.386416,23.050868,18.817369,-0.927122,-4.391192,9.938741,2.736009,
0.020000,24.401899,23.044181,18.834235,-0.843274,-4.192416,9.938800,2.731772,
0.020000,24.415891,23.038070,18.849503,-0.763401,-3.993640,9.938807,2.727955,
0.020000,24.428472,23.032522,18.863253,-0.687504,-3.794863,9.938859,2.724533,
0.020000,24.439721,23.027518,18.875564,-0.615582,-3.596086,9.938851,2.721482,
0.020000,24.449715,23.023037,18.886517,-0.547636,-3.397308,9.938879,2.718777,
0.020000,24.458532,23.019057,18.896190,-0.483665,-3.198530,9.938908,2.716396,
0.020000,24.466247,23.015554,18.904664,-0.423670,-2.999752,9.938889,2.714316,
0.020000,24.472936,23.012501,18.912017,-0.367651,-2.800974,9.938925,2.712516,
0.020000,24.478674,23.009870,18.918329,-0.315607,-2.602195,9.938920,2.710974,
0.020000,24.483535,23.007634,18.923680,-0.267538,-2.403417,9.938921,2.709669,
0.020000,24.487592,23.005761,18.928149,-0.223446,-2.204638,9.938945,2.708581,
0.020000,24.490920,23.004221,18.931815,-0.183328,-2.005860,9.938908,2.707690,
0.020000,24.493590,23.002982,18.934759,-0.147187,-1.807080,9.938962,2.706975,
0.020000,24.495677,23.002013,18.937059,-0.115021,-1.608302,9.938928,2.706417,
0.020000,24.497251,23.001280,18.938796,-0.086830,-1.409523,9.938946,2.705996,
0.020000,24.498387,23.000752,18.940048,-0.062615,-1.210744,9.938946,2.705692,
0.020000,24.499155,23.000394,18.940896,-0.042376,-1.011966,9.938912,2.705487,
0.020000,24.499628,23.000173,18.941418,-0.026112,-0.813186,9.938985,2.705360,
0.020000,24.499879,23.000057,18.941694,-0.013824,-0.614408,9.938906,2.705293,
0.020000,24.499979,23.000010,18.941805,-0.005512,-0.415629,9.938948,2.705267,
0.020000,24.500000,23.000000,18.941828,-0.001175,-0.216850,9.938970,2.705261,
0.020000,24.500000,23.000000,18.941828,0.000000,-0.058731,7.905955,2.705261,
0.020000,24.499983,23.000008,0.000039,0.003941,0.197044,9.852218,2.705257,
0.020000,24.499840,23.000075,0.000197,0.007882,0.197044,0.000000,2.705233,
0.020000,24.499519,23.000224,0.000552,0.017734,0.492611,14.778327,2.705178,
0.020000,24.498947,23.000491,0.001182,0.031527,0.689655,9.852218,2.705081,
0.020000,24.498054,23.000908,0.002167,0.049261,0.886700,9.852218,2.704929,
0.020000,24.496769,23.001508,0.003586,0.070936,1.083744,9.852218,2.704711,
0.020000,24.495019,23.002325,0.005517,0.096552,1.280788,9.852217,2.704413,
0.020000,24.492735,23.003393,0.008039,0.126108,1.477833,9.852217,2.704026,
0.020000,24.489844,23.004747,0.011232,0.159606,1.674877,9.852217,2.703537,
0.020000,24.486275,23.006419,0.015172,0.197044,1.871921,9.852216,2.702935,
0.020000,24.481959,23.008446,0.019941,0.238424,2.068966,9.852216,2.702208,
0.020000,24.476824,23.010862,0.025616,0.283744,2.266010,9.852215,2.701348,
0.020000,24.470801,23.013704,0.032276,0.333005,2.463054,9.852213,2.700342,
0.020000,24.463818,23.017007,0.040000,0.386207,2.660098,9.852212,2.699183,
0.020000,24.455807,23.020808,0.048867,0.443350,2.857143,9.852210,2.697861,
0.020000,24.446735,23.025129,0.058916,0.502463,2.955665,4.926101,2.696375,
0.020000,24.436602,23.029974,0.070148,0.561576,2.955664,-0.000008,2.694728,
0.020000,24.425412,23.035349,0.082562,0.620690,2.955664,-0.000008,2.692926,
0.020000,24.413167,23.041258,0.096158,0.679803,2.955664,-0.000008,2.690974,
0.020000,24.399871,23.047709,0.110936,0.738916,2.955664,-0.000009,2.688877,
0.020000,24.385526,23.054706,0.126897,0.798029,2.955664,-0.000008,2.686643,
0.020000,24.370136,23.062257,0.144039,0.857143,2.955664,-0.000008,2.684278,
0.020000,24.353704,23.070369,0.162365,0.916256,2.955664,-0.000007,2.681790,
0.020000,24.336234,23.079049,0.181872,0.975369,2.955663,-0.000006,2.679187,
0.020000,24.317730,23.088303,0.202562,1.034483,2.955663,-0.000005,2.676477,
0.020000,24.298195,23.098141,0.224433,1.093596,2.955663,-0.000004,2.673670,
0.020000,24.277634,23.108569,0.247488,1.152709,2.955663,-0.000002,2.670776,
0.020000,24.256051,23.119595,0.271724,1.211822,2.955663,0.000000,2.667805,
0.020000,24.233450,23.131227,0.297143,1.270936,2.955663,0.000002,2.664767,
0.020000,24.209835,23.143473,0.323744,1.330049,2.955663,0.000004,2.661674,
0.020000,24.185211,23.156339,0.351527,1.389162,2.955663,0.000006,2.658539,
0.020000,24.159581,23.169834,0.380493,1.448275,2.955664,0.000008,2.655373,
0.020000,24.132950,23.183965,0.410640,1.507389,2.955664,0.000010,2.652189,
0.020000,24.105321,23.198737,0.441970,1.566502,2.955664,0.000013,2.649002,
0.020000,24.076699,23.214158,0.474483,1.625615,2.955664,0.000015,2.645825,
0.020000,24.047121,23.230215,0.508138,1.682758,2.857143,-4.926086,2.642677,
0.020000,24.016660,23.246875,0.542857,1.735960,2.660099,-9.852188,2.639579,
0.020000,23.985387,23.264104,0.578561,1.785221,2.463055,-9.852188,2.636552,
0.020000,23.953373,23.281865,0.615172,1.830541,2.266011,-9.852190,2.633616,
0.020000,23.920688,23.300122,0.652611,1.871921,2.068967,-9.852192,2.630788,
0.020000,23.887401,23.318837,0.690798,1.909359,1.871924,-9.852196,2.628086,
0.020000,23.853580,23.337968,0.729655,1.942857,1.674880,-9.852200,2.625525,
0.020000,23.819293,23.357476,0.769103,1.972414,1.477835,-9.852204,2.623122,
0.020000,23.784607,23.377318,0.809064,1.998029,1.280791,-9.852209,2.620887,
0.020000,23.749587,23.397451,0.849458,2.019704,1.083747,-9.852214,2.618834,
0.020000,23.714300,23.417829,0.890207,2.037438,0.886703,-9.852219,2.616971,
0.020000,23.678810,23.438408,0.931231,2.051232,0.689658,-9.852223,2.615308,
0.020000,23.643182,23.459141,0.972453,2.061084,0.492614,-9.852228,2.613851,
0.020000,23.607480,23.479982,1.013793,2.066995,0.295569,-9.852231,2.612606,
0.020000,23.571775,23.500879,1.055164,2.068529,0.076685,-10.944221,2.611575,
0.020000,23.536139,23.521780,1.096477,2.065685,-0.142200,-10.944223,2.610762,
0.020000,23.500634,23.542638,1.137655,2.058900,-0.339245,-9.852238,2.610165,
0.020000,23.465324,23.563404,1.178619,2.048174,-0.536289,-9.852239,2.609785,
0.020000,23.430273,23.584031,1.219289,2.033507,-0.733334,-9.852238,2.609616,
0.020000,23.395544,23.604472,1.259587,2.014900,-0.930379,-9.852237,2.609655,
0.020000,23.361201,23.624679,1.299434,1.992351,-1.127424,-9.852235,2.609895,
0.020000,23.327307,23.644606,1.338751,1.965862,-1.324468,-9.852233,2.610328,
0.020000,23.293928,23.664207,1.377460,1.935432,-1.521513,-9.852230,2.610945,
0.020000,23.261128,23.683436,1.415481,1.901061,-1.718557,-9.852226,2.611735,
0.020000,23.228973,23.702251,1.452736,1.862749,-1.915602,-9.852223,2.612687,
0.020000,23.197528,23.720606,1.489146,1.820496,-2.112646,-9.852219,2.613786,
0.020000,23.166861,23.738460,1.524632,1.774302,-2.309691,-9.852216,2.615018,
0.020000,23.137037,23.755770,1.559115,1.724167,-2.506735,-9.852213,2.616368,
0.020000,23.108126,23.772498,1.592517,1.670092,-2.703779,-9.852210,2.617819,
0.020000,23.080187,23.788606,1.624767,1.612512,-2.878983,-8.760221,2.619354,
0.020000,23.053248,23.804082,1.655835,1.553399,-2.955666,-3.834113,2.620956,
0.020000,23.027310,23.818927,1.685721,1.494285,-2.955666,0.000008,2.622613,
0.020000,23.002374,23.833143,1.714424,1.435172,-2.955665,0.000008,2.624311,
0.020000,22.978442,23.846732,1.741946,1.376059,-2.955665,0.000008,2.626037,
0.020000,22.955515,23.859698,1.768285,1.316945,-2.955665,0.000007,2.627778,
0.020000,22.933596,23.872044,1.793441,1.257832,-2.955665,0.000006,2.629523,
0.020000,22.912687,23.883773,1.817416,1.198719,-2.955665,0.000005,2.631260,
0.020000,22.892789,23.894889,1.840208,1.139605,-2.955665,0.000004,2.632979,
0.020000,22.873906,23.905396,1.861817,1.080492,-2.955665,0.000003,2.634670,
0.020000,22.856039,23.915299,1.882245,1.021379,-2.955665,0.000002,2.636322,
0.020000,22.839191,23.924601,1.901490,0.962266,-2.955665,0.000001,2.637927,
0.020000,22.823365,23.933307,1.919553,0.903152,-2.955665,0.000000,2.639476,
0.020000,22.808561,23.941420,1.936434,0.844039,-2.955665,-0.000001,2.640960,
0.020000,22.794784,23.948946,1.952133,0.784926,-2.955665,-0.000001,2.642373,
0.020000,22.782035,23.955887,1.966649,0.725812,-2.955665,-0.000002,2.643708,
0.020000,22.770316,23.962247,1.979983,0.666699,-2.955665,-0.000002,2.644957,
0.020000,22.759629,23.968031,1.992135,0.607586,-2.955665,-0.000003,2.646114,
0.020000,22.749976,23.973241,2.003104,0.548473,-2.955665,-0.000003,2.647175,
0.020000,22.741358,23.977882,2.012891,0.489359,-2.955665,-0.000003,2.648135,
0.020000,22.733771,23.981958,2.021505,0.430683,-2.933825,1.091984,2.648989,
0.020000,22.727171,23.985497,2.028993,0.374413,-2.813463,6.018092,2.649740,
0.020000,22.721492,23.988538,2.035435,0.322085,-2.616419,9.852215,2.650391,
0.020000,22.716665,23.991118,2.040909,0.273698,-2.419375,9.852215,2.650948,
0.020000,22.712620,23.993278,2.045494,0.229251,-2.222331,9.852216,2.651418,
0.020000,22.709289,23.995054,2.049269,0.188745,-2.025286,9.852217,2.651807,
0.020000,22.706603,23.996486,2.052312,0.152180,-1.828242,9.852217,2.652122,
0.020000,22.704493,23.997610,2.054704,0.119556,-1.631198,9.852217,2.652370,
0.020000,22.702888,23.998464,2.056521,0.090873,-1.434153,9.852217,2.652559,
0.020000,22.701721,23.999085,2.057844,0.066131,-1.237109,9.852218,2.652697,
0.020000,22.700920,23.999511,2.058750,0.045330,-1.040064,9.852218,2.652792,
0.020000,22.700418,23.999778,2.059320,0.028470,-0.843020,9.852218,2.652851,
0.020000,22.700143,23.999924,2.059631,0.015550,-0.645976,9.852218,2.652884,
0.020000,22.700027,23.999986,2.059762,0.006571,-0.448931,9.852218,2.652897,
0.020000,22.700000,24.000000,2.059793,0.001534,-0.251887,9.852218,2.652900,
0.020000,22.700000,24.000000,2.059793,0.000000,-0.076682,8.760231,2.652900,
0.020000,22.700012,23.999994,0.000039,-0.003855,0.192760,9.637987,2.652898,
0.020000,22.700148,23.999921,0.000193,-0.007710,0.192760,0.000000,2.652864,
0.020000,22.700454,23.999758,0.000540,-0.017348,0.481899,14.456981,2.652788,
0.020000,22.700999,23.999469,0.001157,-0.030842,0.674659,9.637988,2.652653,
0.020000,22.701850,23.999016,0.002120,-0.048190,0.867419,9.637987,2.652443,
0.020000,22.703075,23.998364,0.003508,-0.069394,1.060179,9.637988,2.652140,
0.020000,22.704742,23.997475,0.005397,-0.094452,1.252938,9.637987,2.651729,
0.020000,22.706919,23.996314,0.007865,-0.123366,1.445698,9.637986,2.651194,
0.020000,22.709673,23.994842,0.010987,-0.156135,1.638458,9.637986,2.650520,
0.020000,22.713072,23.993023,0.014843,-0.192760,1.831217,9.637985,2.649692,
0.020000,22.717182,23.990817,0.019507,-0.233239,2.023977,9.637983,2.648698,
0.020000,22.722071,23.988188,0.025059,-0.277574,2.216737,9.637982,2.647524,
0.020000,22.727805,23.985094,0.031574,-0.325764,2.409496,9.637980,2.646161,
0.020000,22.734450,23.981497,0.039130,-0.377809,2.602256,9.637978,2.644597,
0.020000,22.742071,23.977354,0.047804,-0.433709,2.795015,9.637975,2.642827,
0.020000,22.750734,23.972625,0.057674,-0.493465,2.987775,9.637973,2.640845,
0.020000,22.760501,23.967265,0.068815,-0.557076,3.180534,9.637970,2.638647,
0.020000,22.771438,23.961231,0.081306,-0.624541,3.373294,9.637967,2.636234,
0.020000,22.783573,23.954496,0.095185,-0.693935,3.469673,4.818976,2.633616,
0.020000,22.796901,23.947051,0.110451,-0.763328,3.469673,-0.000013,2.630812,
0.020000,22.811418,23.938888,0.127106,-0.832722,3.469673,-0.000010,2.627845,
0.020000,22.827117,23.929997,0.145148,-0.902115,3.469673,-0.000005,2.624737,
0.020000,22.843994,23.920368,0.164578,-0.971509,3.469673,0.000000,2.621515,
0.020000,22.862042,23.909992,0.185396,-1.040902,3.469673,0.000007,2.618204,
0.020000,22.881256,23.898861,0.207602,-1.110296,3.469673,0.000012,2.614836,
0.020000,22.901632,23.886965,0.231196,-1.179689,3.469673,0.000019,2.611439,
0.020000,22.923162,23.874295,0.256178,-1.249083,3.469674,0.000026,2.608047,
0.020000,22.945844,23.860845,0.282547,-1.318476,3.469675,0.000033,2.604694,
0.020000,22.969672,23.846609,0.310305,-1.387870,3.469675,0.000037,2.601416,
0.020000,22.994644,23.831580,0.339450,-1.457263,3.469676,0.000042,2.598251,
0.020000,23.020755,23.815754,0.369983,-1.526657,3.469677,0.000044,2.595237,
0.020000,23.048005,23.799129,0.401904,-1.596050,3.469678,0.000044,2.592416,
0.020000,23.076393,23.781705,0.435213,-1.665444,3.469679,0.000042,2.589830,
0.020000,23.105920,23.763482,0.469910,-1.734837,3.469679,0.000036,2.587525,
0.020000,23.136586,23.744465,0.505994,-1.804231,3.469680,0.000025,2.585545,
0.020000,23.168364,23.724679,0.543428,-1.871697,3.373300,-4.818983,2.583940,
0.020000,23.201193,23.704175,0.582134,-1.935308,3.180540,-9.638000,2.582761,
0.020000,23.235016,23.683006,0.622036,-1.995063,2.987780,-9.638032,2.582055,
0.020000,23.269777,23.661229,0.663055,-2.050964,2.795018,-9.638068,2.581869,
0.020000,23.305422,23.638902,0.705115,-2.103009,2.602256,-9.638107,2.582246,
0.020000,23.341899,23.616088,0.748139,-2.151199,2.409493,-9.638148,2.583225,
0.020000,23.379158,23.592852,0.792050,-2.195533,2.216729,-9.638189,2.584846,
0.020000,23.417151,23.569262,0.836770,-2.236013,2.023965,-9.638230,2.587144,
0.020000,23.455829,23.545388,0.882223,-2.272637,1.831199,-9.638269,2.590149,
0.020000,23.495146,23.521303,0.928331,-2.305405,1.638433,-9.638303,2.593892,
0.020000,23.535056,23.497079,0.975017,-2.334319,1.445667,-9.638333,2.598397,
0.020000,23.575515,23.472794,1.022205,-2.359377,1.252900,-9.638357,2.603686,
0.020000,23.616475,23.448523,1.069816,-2.380579,1.060132,-9.638372,2.609777,
0.020000,23.657892,23.424343,1.117775,-2.397927,0.867365,-9.638378,2.616684,
0.020000,23.699719,23.400333,1.166003,-2.411418,0.674597,-9.638372,2.624415,
0.020000,23.741908,23.376570,1.214424,-2.421055,0.481830,-9.638354,2.632975,
0.020000,23.784410,23.353130,1.262961,-2.426836,0.289064,-9.638323,2.642363,
0.020000,23.827151,23.330102,1.311511,-2.427506,0.033496,-12.778401,2.652568,
0.020000,23.870055,23.307569,1.359972,-2.423065,-0.222071,-12.778317,2.663569,
0.020000,23.913065,23.285602,1.408268,-2.414768,-0.414833,-9.638108,2.675344,
0.020000,23.956122,23.264267,1.456320,-2.402616,-0.607593,-9.638018,2.687867,
0.020000,23.999160,23.243626,1.504052,-2.386609,-0.800352,-9.637917,2.701101,
0.020000,24.042115,23.223739,1.551387,-2.366747,-0.993108,-9.637808,2.715004,
0.020000,24.084914,23.204657,1.598248,-2.343030,-1.185862,-9.637694,2.729527,
0.020000,24.127485,23.186428,1.644557,-2.315458,-1.378613,-9.637580,2.744612,
0.020000,24.169748,23.169092,1.690238,-2.284030,-1.571363,-9.637471,2.760197,
0.020000,24.211623,23.152684,1.735212,-2.248748,-1.764110,-9.637372,2.776211,
0.020000,24.253025,23.137230,1.779405,-2.209611,-1.956856,-9.637288,2.792577,
0.020000,24.293866,23.122749,1.822737,-2.166619,-2.149600,-9.637224,2.809215,
0.020000,24.334056,23.109252,1.865133,-2.119772,-2.342344,-9.637185,2.826038,
0.020000,24.373501,23.096741,1.906514,-2.069070,-2.535088,-9.637171,2.842956,
0.020000,24.412106,23.085212,1.946804,-2.014514,-2.727831,-9.637187,2.859879,
0.020000,24.449776,23.074651,1.985926,-1.956102,-2.920576,-9.637231,2.876712,
0.020000,24.486413,23.065039,2.023803,-1.893836,-3.113322,-9.637301,2.893363,
0.020000,24.521919,23.056347,2.060357,-1.827714,-3.306070,-9.637395,2.909740,
0.020000,24.556221,23.048538,2.095537,-1.758994,-3.436019,-6.497441,2.925765,
0.020000,24.589284,23.041558,2.129329,-1.689602,-3.469593,-1.678705,2.941379,
0.020000,24.621089,23.035354,2.161733,-1.620210,-3.469593,-0.000009,2.956537,
0.020000,24.651617,23.029870,2.192750,-1.550818,-3.469594,-0.000074,2.971198,
0.020000,24.680851,23.025052,2.222378,-1.481427,-3.469597,-0.000136,2.985327,
0.020000,24.708777,23.020846,2.250619,-1.412035,-3.469601,-0.000180,2.998892,
0.020000,24.735381,23.017199,2.277472,-1.342642,-3.469605,-0.000219,3.011866,
0.020000,24.760652,23.014061,2.302937,-1.273250,-3.469610,-0.000245,3.024228,
0.020000,24.784579,23.011382,2.327014,-1.203858,-3.469615,-0.000263,3.035959,
0.020000,24.807155,23.009115,2.349703,-1.134465,-3.469621,-0.000279,3.047045,
0.020000,24.828371,23.007214,2.371005,-1.065073,-3.469626,-0.000274,3.057472,
0.020000,24.848223,23.005638,2.390918,-0.995680,-3.469632,-0.000277,3.067233,
0.020000,24.866703,23.004346,2.409444,-0.926288,-3.469637,-0.000268,3.076319,
0.020000,24.883809,23.003300,2.426582,-0.856895,-3.469642,-0.000258,3.084728,
0.020000,24.899537,23.002465,2.442332,-0.787502,-3.469647,-0.000245,3.092454,
0.020000,24.913884,23.001810,2.456694,-0.718109,-3.469652,-0.000224,3.099498,
0.020000,24.926849,23.001306,2.469669,-0.648716,-3.469656,-0.000209,3.105857,
0.020000,24.938454,23.000924,2.481280,-0.580578,-3.406857,3.139964,3.111544,
0.020000,24.948763,23.000640,2.491593,-0.515625,-3.247677,7.958968,3.116591,
0.020000,24.957851,23.000433,2.500683,-0.454527,-3.054921,9.637835,3.121036,
0.020000,24.965795,23.000285,2.508629,-0.397283,-2.862163,9.637863,3.124919,
0.020000,24.972672,23.000182,2.515507,-0.343895,-2.669405,9.637899,3.128277,
0.020000,24.978559,23.000112,2.521394,-0.294362,-2.476647,9.637916,3.131149,
0.020000,24.983533,23.000066,2.526368,-0.248684,-2.283888,9.637938,3.133574,
0.020000,24.987670,23.000037,2.530505,-0.206862,-2.091129,9.637950,3.135591,
0.020000,24.991048,23.000020,2.533883,-0.168894,-1.898370,9.637965,3.137236,
0.020000,24.993743,23.000010,2.536578,-0.134782,-1.705611,9.637971,3.138549,
0.020000,24.995834,23.000004,2.538669,-0.104525,-1.512851,9.637972,3.139566,
0.020000,24.997396,23.000002,2.540231,-0.078123,-1.320091,9.637987,3.140327,
0.020000,24.998508,23.000001,2.541343,-0.055577,-1.127332,9.637980,3.140867,
0.020000,24.999245,23.000000,2.542081,-0.036885,-0.934572,9.637988,3.141226,
0.020000,24.999686,23.000000,2.542522,-0.022049,-0.741812,9.637986,3.141441,
0.020000,24.999908,23.000000,2.542743,-0.011068,-0.549053,9.637988,3.141548,
0.020000,24.999987,23.000000,2.542822,-0.003942,-0.356293,9.637987,3.141587,
0.020000,25.000000,23.000000,2.542835,-0.000672,-0.163533,9.637990,3.141593,
0.020000,25.000000,23.000000,2.542835,0.000000,-0.033577,6.497817,3.141593,
0.020000,25.000000,23.000000,0.000040,0.003994,0.199709,9.985443,3.141593,
0.020000,24.999910,23.000000,0.000130,0.004485,0.024563,-8.757279,3.141593,
0.020000,24.999551,23.000000,0.000489,0.017974,0.674418,32.492721,3.141593,
0.020000,24.998912,23.000000,0.001128,0.031953,0.698981,1.228164,3.141593,
0.020000,24.997913,23.000000,0.002127,0.049927,0.898690,9.985443,3.141593,
0.020000,24.996475,23.000000,0.003565,0.071895,1.098399,9.985443,3.141593,
0.020000,24.994518,23.000000,0.005522,0.097857,1.298108,9.985443,3.141593,
0.020000,24.991962,23.000000,0.008078,0.127814,1.497816,9.985443,3.141593,
0.020000,24.988727,23.000000,0.011313,0.161764,1.697525,9.985443,3.141593,
0.020000,24.984732,23.000000,0.015308,0.199709,1.897234,9.985443,3.141593,
0.020000,24.979899,23.000000,0.020140,0.241648,2.096943,9.985443,3.141593,
0.020000,24.974148,23.000000,0.025892,0.287581,2.296652,9.985443,3.141593,
0.020000,24.967398,23.000000,0.032642,0.337508,2.496361,9.985443,3.141593,
0.020000,24.959569,23.000000,0.040471,0.391429,2.696070,9.985443,3.141593,
0.020000,24.950582,23.000000,0.049458,0.449345,2.895778,9.985443,3.141593,
0.020000,24.940357,23.000000,0.059683,0.511255,3.095487,9.985443,3.141593,
0.020000,24.928814,23.000000,0.071226,0.577159,3.295196,9.985443,3.141593,
0.020000,24.915873,23.000000,0.084167,0.647057,3.494905,9.985443,3.141593,
0.020000,24.901454,23.000000,0.098586,0.720949,3.694614,9.985443,3.141593,
0.020000,24.885477,23.000000,0.114563,0.798835,3.894323,9.985443,3.141593,
0.020000,24.867863,23.000000,0.132177,0.880716,4.094032,9.985443,3.141593,
0.020000,24.848531,23.000000,0.151509,0.966591,4.293740,9.985443,3.141593,
0.020000,24.827402,23.000000,0.172638,1.056460,4.493449,9.985443,3.141593,
0.020000,24.804395,23.000000,0.195645,1.150323,4.693158,9.985443,3.141593,
0.020000,24.779432,23.000000,0.220608,1.248180,4.892867,9.985443,3.141593,
0.020000,24.752431,23.000000,0.247609,1.350032,5.092576,9.985443,3.141593,
0.020000,24.723314,23.000000,0.276726,1.455878,5.292285,9.985443,3.141593,
0.020000,24.691999,23.000000,0.308041,1.565717,5.491994,9.985443,3.141593,
0.020000,24.658408,23.000000,0.341632,1.679551,5.691702,9.985443,3.141593,
0.020000,24.622461,23.000000,0.377579,1.797380,5.891411,9.985443,3.141593,
0.020000,24.584077,23.000000,0.415963,1.919202,6.091120,9.985443,3.141593,
0.020000,24.543176,23.000000,0.456864,2.045019,6.290829,9.985443,3.141593,
0.020000,24.499680,23.000000,0.500360,2.174829,6.490538,9.985443,3.141593,
0.020000,24.453507,23.000000,0.546533,2.308634,6.690247,9.985443,3.141593,
0.020000,24.404578,23.000000,0.595462,2.446434,6.889956,9.985443,3.141593,
0.020000,24.352854,23.000000,0.647186,2.586230,6.989810,4.992721,3.141593,
0.020000,24.298333,23.000000,0.701707,2.726026,6.989810,0.000000,3.141593,
0.020000,24.241017,23.000000,0.759023,2.865822,6.989810,0.000000,3.141593,
0.020000,24.180904,23.000000,0.819136,3.005618,6.989810,0.000000,3.141593,
0.020000,24.117996,23.000000,0.882044,3.145415,6.989810,0.000000,3.141593,
0.020000,24.052292,23.000000,0.947748,3.285211,6.989810,0.000000,3.141593,
0.020000,23.983792,23.000000,1.016248,3.425007,6.989810,0.000000,3.141593,
0.020000,23.912496,23.000000,1.087544,3.564803,6.989810,0.000000,3.141593,
0.020000,23.838404,23.000000,1.161636,3.704599,6.989810,0.000000,3.141593,
0.020000,23.761516,23.000000,1.238524,3.844396,6.989810,0.000000,3.141593,
0.020000,23.681832,23.000000,1.318208,3.984192,6.989810,0.000000,3.141593,
0.020000,23.599352,23.000000,1.400688,4.123988,6.989810,0.000000,3.141593,
0.020000,23.514076,23.000000,1.485964,4.263784,6.989810,0.000000,3.141593,
0.020000,23.426005,23.000000,1.574035,4.403580,6.989810,0.000000,3.141593,
0.020000,23.335137,23.000000,1.664903,4.543377,6.989810,0.000000,3.141593,
0.020000,23.241474,23.000000,1.758566,4.683173,6.989810,0.000000,3.141593,
0.020000,23.145014,23.000000,1.855026,4.822969,6.989810,0.000000,3.141593,
0.020000,23.045759,23.000000,1.954281,4.962765,6.989810,0.000000,3.141593,
0.020000,22.943708,23.000000,2.056332,5.102561,6.989810,0.000000,3.141593,
0.020000,22.838861,23.000000,2.161179,5.242358,6.989810,0.000000,3.141593,
0.020000,22.731218,23.000000,2.268822,5.382154,6.989810,0.000000,3.141593,
0.020000,22.620779,23.000000,2.379261,5.521950,6.989810,0.000000,3.141593,
0.020000,22.507544,23.000000,2.492496,5.661746,6.989810,0.000000,3.141593,
0.020000,22.391513,23.000000,2.608527,5.801542,6.989810,0.000000,3.141593,
0.020000,22.272686,23.000000,2.727354,5.941339,6.989810,0.000000,3.141593,
0.020000,22.151063,23.000000,2.848977,6.081135,6.989810,0.000000,3.141593,
0.020000,22.026645,23.000000,2.973395,6.220931,6.989810,0.000000,3.141593,
0.020000,21.899430,23.000000,3.100610,6.360727,6.989810,0.000000,3.141593,
0.020000,21.769420,23.000000,3.230620,6.500523,6.989810,0.000000,3.141593,
0.020000,21.636613,23.000000,3.363427,6.640320,6.989810,0.000000,3.141593,
0.020000,21.501011,23.000000,3.499029,6.780116,6.989810,0.000000,3.141593,
0.020000,21.362613,23.000000,3.637427,6.919912,6.989810,0.000000,3.141593,
0.020000,21.221419,23.000000,3.778621,7.059708,6.989810,0.000000,3.141593,
0.020000,21.077429,23.000000,3.922611,7.199504,6.989810,0.000000,3.141593,
0.020000,20.930643,23.000000,4.069397,7.339301,6.989810,0.000000,3.141593,
0.020000,20.781061,23.000000,4.218979,7.479097,6.989810,0.000000,3.141593,
0.020000,20.628683,23.000000,4.371357,7.618893,6.989810,0.000000,3.141593,
0.020000,20.473509,23.000000,4.526531,7.758689,6.989810,0.000000,3.141593,
0.020000,20.315579,23.000000,4.684461,7.896488,6.889956,-4.992721,3.141593,
0.020000,20.154973,23.000000,4.845067,8.030293,6.690247,-9.985443,3.141593,
0.020000,19.991771,23.000000,5.008269,8.160104,6.490538,-9.985443,3.141593,
0.020000,19.826053,23.000000,5.173987,8.285921,6.290829,-9.985443,3.141593,
0.020000,19.657898,23.000000,5.342142,8.407743,6.091120,-9.985443,3.141593,
0.020000,19.487387,23.000000,5.512653,8.525571,5.891411,-9.985443,3.141593,
0.020000,19.314599,23.000000,5.685441,8.639405,5.691702,-9.985443,3.141593,
0.020000,19.139614,23.000000,5.860426,8.749245,5.491994,-9.985443,3.141593,
0.020000,18.962512,23.000000,6.037528,8.855091,5.292285,-9.985443,3.141593,
0.020000,18.783373,23.000000,6.216667,8.956942,5.092576,-9.985443,3.141593,
0.020000,18.602277,23.000000,6.397763,9.054800,4.892867,-9.985443,3.141593,
0.020000,18.419304,23.000000,6.580736,9.148663,4.693158,-9.985443,3.141593,
0.020000,18.234533,23.000000,6.765507,9.238532,4.493449,-9.985443,3.141593,
0.020000,18.048045,23.000000,6.951995,9.324407,4.293740,-9.985443,3.141593,
0.020000,17.859919,23.000000,7.140121,9.406287,4.094032,-9.985443,3.141593,
0.020000,17.670236,23.000000,7.329804,9.484174,3.894323,-9.985443,3.141593,
0.020000,17.479074,23.000000,7.520966,9.558066,3.694614,-9.985443,3.141593,
0.020000,17.286515,23.000000,7.713525,9.627964,3.494905,-9.985443,3.141593,
0.020000,17.092638,23.000000,7.907402,9.693868,3.295196,-9.985443,3.141593,
0.020000,16.897522,23.000000,8.102518,9.755778,3.095487,-9.985443,3.141593,
0.020000,16.701248,23.000000,8.298792,9.813693,2.895778,-9.985443,3.141593,
0.020000,16.503896,23.000000,8.496144,9.867615,2.696070,-9.985443,3.141593,
0.020000,16.305545,23.000000,8.694495,9.917542,2.496361,-9.985443,3.141593,
0.020000,16.106276,23.000000,8.893764,9.963475,2.296652,-9.985443,3.141593,
0.020000,15.906167,23.000000,9.093873,10.005414,2.096943,-9.985443,3.141593,
0.020000,15.705300,23.000000,9.294740,10.043358,1.897234,-9.985443,3.141593,
0.020000,15.503754,23.000000,9.496286,10.077309,1.697525,-9.985443,3.141593,
0.020000,15.301609,23.000000,9.698431,10.107265,1.497816,-9.985443,3.141593,
0.020000,15.098944,23.000000,9.901096,10.133227,1.298108,-9.985443,3.141593,
0.020000,14.895840,23.000000,10.104200,10.155195,1.098399,-9.985443,3.141593,
0.020000,14.692377,23.000000,10.307663,10.173169,0.898690,-9.985443,3.141593,
0.020000,14.488634,23.000000,10.511406,10.187149,0.698981,-9.985443,3.141593,
0.020000,14.284691,23.000000,10.715349,10.197134,0.499272,-9.985443,3.141593,
0.020000,14.080629,23.000000,10.919411,10.203126,0.299563,-9.985443,3.141593,
0.020000,13.876645,23.000728,11.123396,10.199247,-0.193918,-24.674077,3.129823,
0.020000,13.672645,23.005081,11.327443,10.202335,0.154379,17.414838,3.110783,
0.020000,13.468890,23.013254,11.531361,10.195928,-0.320318,-23.734817,3.092324,
0.020000,13.265525,23.025111,11.735072,10.185528,-0.520007,-9.984465,3.074488,
0.020000,13.062686,23.040505,11.938495,10.171134,-0.719704,-9.984840,3.057313,
0.020000,12.860500,23.059276,12.141550,10.152746,-0.919408,-9.985216,3.040829,
0.020000,12.659089,23.081257,12.344157,10.130364,-1.119119,-9.985558,3.025064,
0.020000,12.458563,23.106270,12.546237,10.103987,-1.318837,-9.985863,3.010039,
0.020000,12.259027,23.134135,12.747709,10.073616,-1.518559,-9.986136,2.995771,
0.020000,12.060576,23.164662,12.948494,10.039250,-1.718287,-9.986361,2.982271,
0.020000,11.863299,23.197662,13.148512,10.000890,-1.918018,-9.986551,2.969548,
0.020000,11.667278,23.232942,13.347682,9.958535,-2.117752,-9.986696,2.957606,
0.020000,11.472588,23.270310,13.545926,9.912185,-2.317488,-9.986806,2.946445,
0.020000,11.279299,23.309572,13.743163,9.861840,-2.517225,-9.986880,2.936064,
0.020000,11.087474,23.350536,13.939313,9.807501,-2.716964,-9.986923,2.926456,
0.020000,10.897174,23.393015,14.134296,9.749167,-2.916702,-9.986939,2.917614,
0.020000,10.708454,23.436820,14.328033,9.686838,-3.116441,-9.986930,2.909528,
0.020000,10.521368,23.481770,14.520443,9.620515,-3.316179,-9.986903,2.902188,
0.020000,10.335965,23.527684,14.711447,9.550196,-3.515916,-9.986859,2.895580,
0.020000,10.152293,23.574391,14.900965,9.475883,-3.715652,-9.986803,2.889689,
0.020000,9.970398,23.621719,15.088916,9.397576,-3.915387,-9.986737,2.884501,
0.020000,9.790325,23.669506,15.275222,9.315273,-4.115120,-9.986662,2.879999,
0.020000,9.612120,23.717593,15.459801,9.228976,-4.314852,-9.986583,2.876165,
0.020000,9.435826,23.765828,15.642575,9.138684,-4.514582,-9.986499,2.872981,
0.020000,9.261488,23.814066,15.823463,9.044398,-4.714310,-9.986413,2.870430,
0.020000,9.089152,23.862166,16.002385,8.946117,-4.914037,-9.986327,2.868492,
0.020000,8.918865,23.909995,16.179262,8.843842,-5.113762,-9.986239,2.867147,
0.020000,8.750674,23.957428,16.354014,8.737573,-5.313485,-9.986153,2.866374,
0.020000,8.584629,24.004344,16.526560,8.627308,-5.513206,-9.986068,2.866155,
0.020000,8.420780,24.050631,16.696821,8.513050,-5.712926,-9.985985,2.866467,
0.020000,8.259182,24.096184,16.864717,8.394797,-5.912644,-9.985904,2.867288,
0.020000,8.099889,24.140903,17.030168,8.272550,-6.112360,-9.985826,2.868598,
0.020000,7.942959,24.184698,17.193094,8.146308,-6.312075,-9.985751,2.870373,
0.020000,7.788453,24.227484,17.353415,8.016073,-6.511789,-9.985680,2.872591,
0.020000,7.636431,24.269184,17.511052,7.881843,-6.711501,-9.985612,2.875227,
0.020000,7.486957,24.309731,17.665929,7.743831,-6.900601,-9.454989,2.878260,
0.020000,7.340053,24.349072,17.818010,7.604034,-6.989845,-4.462217,2.881664,
0.020000,7.195712,24.387174,17.967294,7.464237,-6.989846,-0.000014,2.885419,
0.020000,7.053930,24.424007,18.113783,7.324440,-6.989845,0.000023,2.889501,
0.020000,6.914701,24.459547,18.257476,7.184643,-6.989844,0.000057,2.893890,
0.020000,6.778025,24.493777,18.398373,7.044846,-6.989842,0.000085,2.898563,
0.020000,6.643902,24.526683,18.536474,6.905049,-6.989840,0.000108,2.903500,
0.020000,6.512333,24.558258,18.671779,6.765253,-6.989838,0.000128,2.908679,
0.020000,6.383320,24.588498,18.804288,6.625456,-6.989835,0.000144,2.914082,
0.020000,6.256869,24.617404,18.934001,6.485659,-6.989832,0.000156,2.919686,
0.020000,6.132984,24.644982,19.060918,6.345863,-6.989828,0.000164,2.925472,
0.020000,6.011672,24.671242,19.185040,6.206066,-6.989825,0.000169,2.931420,
0.020000,5.892941,24.696195,19.306365,6.066270,-6.989821,0.000173,2.937512,
0.020000,5.776798,24.719858,19.424895,5.926473,-6.989818,0.000172,2.943726,
0.020000,5.663251,24.742253,19.540628,5.786677,-6.989815,0.000170,2.950046,
0.020000,5.552311,24.763401,19.653566,5.646881,-6.989811,0.000166,2.956452,
0.020000,5.443987,24.783327,19.763707,5.507085,-6.989808,0.000159,2.962925,
0.020000,5.338289,24.802062,19.871053,5.367289,-6.989805,0.000151,2.969449,
0.020000,5.235226,24.819635,19.975603,5.227492,-6.989802,0.000141,2.976005,
0.020000,5.134810,24.836079,20.077357,5.087697,-6.989800,0.000130,2.982577,
0.020000,5.037050,24.851429,20.176315,4.947901,-6.989797,0.000119,2.989149,
0.020000,4.941956,24.865721,20.272477,4.808105,-6.989795,0.000105,2.995703,
0.020000,4.849538,24.878994,20.365843,4.668309,-6.989793,0.000092,3.002224,
0.020000,4.759806,24.891286,20.456414,4.528513,-6.989792,0.000081,3.008697,
0.020000,4.672769,24.902639,20.544188,4.388717,-6.989790,0.000064,3.015108,
0.020000,4.588436,24.913093,20.629166,4.248921,-6.989789,0.000052,3.021442,
0.020000,4.506815,24.922689,20.711349,4.109126,-6.989789,0.000041,3.027686,
0.020000,4.427916,24.931471,20.790735,3.969330,-6.989788,0.000025,3.033827,
0.020000,4.351745,24.939480,20.867326,3.829534,-6.989788,0.000016,3.039852,
0.020000,4.278310,24.946759,20.941121,3.689738,-6.989788,0.000000,3.045749,
0.020000,4.207618,24.953350,21.012120,3.549943,-6.989788,-0.000005,3.051508,
0.020000,4.139675,24.959296,21.080323,3.410147,-6.989788,-0.000020,3.057117,
0.020000,4.074486,24.964637,21.145730,3.270351,-6.989789,-0.000026,3.062566,
0.020000,4.012058,24.969416,21.208341,3.130555,-6.989790,-0.000036,3.067845,
0.020000,3.952394,24.973671,21.268156,2.990759,-6.989790,-0.000041,3.072946,
0.020000,3.895500,24.977443,21.325175,2.850964,-6.989791,-0.000049,3.077859,
0.020000,3.841378,24.980769,21.379399,2.711168,-6.989792,-0.000052,3.082578,
0.020000,3.790034,24.983686,21.430826,2.571372,-6.989794,-0.000056,3.087094,
0.020000,3.741465,24.986231,21.479462,2.431788,-6.979184,0.530497,3.091401,
0.020000,3.695629,24.988439,21.525350,2.294414,-6.868719,5.523208,3.095497,
0.020000,3.652451,24.990347,21.568571,2.161034,-6.669012,9.985363,3.099382,
0.020000,3.611851,24.991987,21.609204,2.031647,-6.469305,9.985371,3.103058,
0.020000,3.573752,24.993390,21.647329,1.906256,-6.269597,9.985374,3.106529,
0.020000,3.538075,24.994583,21.683026,1.784858,-6.069890,9.985378,3.109797,
0.020000,3.504741,24.995592,21.716375,1.667454,-5.870182,9.985391,3.112866,
0.020000,3.473671,24.996440,21.747456,1.554045,-5.670474,9.985392,3.115740,
0.020000,3.444788,24.997149,21.776349,1.444629,-5.470766,9.985394,3.118424,
0.020000,3.418010,24.997736,21.803133,1.339208,-5.271058,9.985403,3.120921,
0.020000,3.393259,24.998219,21.827888,1.237781,-5.071350,9.985413,3.123237,
0.020000,3.370455,24.998613,21.850695,1.140348,-4.871642,9.985404,3.125379,
0.020000,3.349520,24.998932,21.871633,1.046910,-4.671933,9.985422,3.127351,
0.020000,3.330372,24.999187,21.890783,0.957465,-4.472225,9.985419,3.129159,
0.020000,3.312933,24.999390,21.908223,0.872015,-4.272516,9.985427,3.130810,
0.020000,3.297123,24.999548,21.924034,0.790559,-4.072808,9.985418,3.132310,
0.020000,3.282861,24.999671,21.938296,0.713097,-3.873099,9.985436,3.133666,
0.020000,3.270069,24.999765,21.951089,0.639629,-3.673391,9.985431,3.134884,
0.020000,3.258666,24.999835,21.962492,0.570155,-3.473682,9.985433,3.135972,
0.020000,3.248573,24.999887,21.972585,0.504676,-3.273973,9.985439,3.136936,
0.020000,3.239709,24.999924,21.981449,0.443190,-3.074265,9.985428,3.137783,
0.020000,3.231995,24.999951,21.989163,0.385699,-2.874556,9.985447,3.138522,
0.020000,3.225351,24.999969,21.995807,0.332202,-2.674847,9.985440,3.139159,
0.020000,3.219697,24.999981,22.001461,0.282700,-2.475138,9.985430,3.139701,
0.020000,3.214953,24.999989,22.006205,0.237191,-2.275429,9.985453,3.140156,
0.020000,3.211040,24.999994,22.010119,0.195677,-2.075721,9.985435,3.140532,
0.020000,3.207876,24.999997,22.013282,0.158156,-1.876012,9.985443,3.140836,
0.020000,3.205384,24.999999,22.015774,0.124630,-1.676303,9.985446,3.141075,
0.020000,3.203482,24.999999,22.017676,0.095098,-1.476594,9.985439,3.141258,
0.020000,3.202091,25.000000,22.019067,0.069561,-1.276885,9.985443,3.141392,
0.020000,3.201130,25.000000,22.020028,0.048017,-1.077176,9.985446,3.141484,
0.020000,3.200521,25.000000,22.020637,0.030468,-0.877468,9.985438,3.141543,
0.020000,3.200183,25.000000,22.020975,0.016913,-0.677759,9.985447,3.141575,
0.020000,3.200036,25.000000,22.021122,0.007352,-0.478050,9.985442,3.141589,
0.020000,3.200000,25.000000,22.021158,0.001785,-0.278341,9.985445,3.141593,
0.020000,3.200000,25.000000,22.021158,0.000000,-0.089243,9.454877,3.141593,
0.020000,3.200000,25.000000,0.000039,-0.003937,0.196856,9.842782,3.141593,
0.020000,3.200119,25.000000,0.000158,-0.005943,0.100283,-4.828609,3.141593,
0.020000,3.200473,25.000000,0.000513,-0.017717,0.588711,24.421391,3.141593,
0.020000,3.201103,25.000000,0.001143,-0.031497,0.688995,5.014173,3.141593,
0.020000,3.202087,25.000000,0.002127,-0.049214,0.885850,9.842782,3.141593,
0.020000,3.203505,25.000000,0.003544,-0.070868,1.082706,9.842782,3.141593,
0.020000,3.205434,25.000000,0.005473,-0.096459,1.279562,9.842782,3.141593,
0.020000,3.207954,25.000000,0.007993,-0.125988,1.476417,9.842782,3.141593,
0.020000,3.211143,25.000000,0.011182,-0.159453,1.673273,9.842782,3.141593,
0.020000,3.215080,25.000000,0.015119,-0.196856,1.870129,9.842782,3.141593,
0.020000,3.219844,25.000000,0.019883,-0.238195,2.066984,9.842782,3.141593,
0.020000,3.225513,25.000000,0.025553,-0.283472,2.263840,9.842782,3.141593,
0.020000,3.232167,25.000000,0.032206,-0.332686,2.460695,9.842782,3.141593,
0.020000,3.239884,25.000000,0.039923,-0.385837,2.657551,9.842782,3.141593,
0.020000,3.248742,25.000000,0.048782,-0.442925,2.854407,9.842782,3.141593,
0.020000,3.258821,25.000000,0.058861,-0.503950,3.051262,9.842782,3.141593,
0.020000,3.270199,25.000000,0.070239,-0.568913,3.248118,9.842782,3.141593,
0.020000,3.282956,25.000000,0.082995,-0.637812,3.444974,9.842782,3.141593,
0.020000,3.297169,25.000000,0.097208,-0.710649,3.641829,9.842782,3.141593,
0.020000,3.312917,25.000000,0.112957,-0.787423,3.838685,9.842782,3.141593,
0.020000,3.330280,25.000000,0.130319,-0.868133,4.035541,9.842782,3.141593,
0.020000,3.349335,25.000000,0.149375,-0.952781,4.232396,9.842782,3.141593,
0.020000,3.370163,25.000000,0.170202,-1.041366,4.429252,9.842782,3.141593,
0.020000,3.392841,25.000000,0.192880,-1.133888,4.626107,9.842782,3.141593,
0.020000,3.417447,25.000000,0.217487,-1.230348,4.822963,9.842782,3.141593,
0.020000,3.444062,25.000000,0.244102,-1.330744,5.019819,9.842782,3.141593,
0.020000,3.472764,25.000000,0.272803,-1.435078,5.216674,9.842782,3.141593,
0.020000,3.503631,25.000000,0.303670,-1.543348,5.413530,9.842782,3.141593,
0.020000,3.536742,25.000000,0.336781,-1.655556,5.610386,9.842782,3.141593,
0.020000,3.572176,25.000000,0.372215,-1.771701,5.807241,9.842782,3.141593,
0.020000,3.610012,25.000000,0.410051,-1.891783,6.004097,9.842782,3.141593,
0.020000,3.650328,25.000000,0.450367,-2.015802,6.200952,9.842782,3.141593,
0.020000,3.693203,25.000000,0.493242,-2.143758,6.397808,9.842782,3.141593,
0.020000,3.738716,25.000000,0.538755,-2.275651,6.594664,9.842782,3.141593,
0.020000,3.786946,25.000000,0.586985,-2.411482,6.791519,9.842782,3.141593,
0.020000,3.837931,25.000000,0.637970,-2.549280,6.889947,4.921391,3.141593,
0.020000,3.891673,25.000000,0.691712,-2.687079,6.889947,0.000000,3.141593,
0.020000,3.948170,25.000000,0.748210,-2.824878,6.889947,0.000000,3.141593,
0.020000,4.007424,25.000000,0.807463,-2.962677,6.889947,0.000000,3.141593,
0.020000,4.069433,25.000000,0.869473,-3.100476,6.889947,0.000000,3.141593,
0.020000,4.134199,25.000000,0.934238,-3.238275,6.889947,0.000000,3.141593,
0.020000,4.201720,25.000000,1.001760,-3.376074,6.889947,0.000000,3.141593,
0.020000,4.271998,25.000000,1.072037,-3.513873,6.889947,0.000000,3.141593,
0.020000,4.345031,25.000000,1.145071,-3.651672,6.889947,0.000000,3.141593,
0.020000,4.420821,25.000000,1.220860,-3.789471,6.889947,0.000000,3.141593,
0.020000,4.499366,25.000000,1.299405,-3.927270,6.889947,0.000000,3.141593,
0.020000,4.580667,25.000000,1.380707,-4.065069,6.889947,0.000000,3.141593,
0.020000,4.664725,25.000000,1.464764,-4.202868,6.889947,0.000000,3.141593,
0.020000,4.751538,25.000000,1.551577,-4.340667,6.889947,0.000000,3.141593,
0.020000,4.841107,25.000000,1.641147,-4.478466,6.889947,0.000000,3.141593,
0.020000,4.933433,25.000000,1.733472,-4.616265,6.889947,0.000000,3.141592,
0.020000,5.028514,25.000000,1.828553,-4.754064,6.889947,0.000000,3.141592,
0.020000,5.126351,25.000000,1.926391,-4.891863,6.889947,0.000000,3.141592,
0.020000,5.226944,25.000000,2.026984,-5.029661,6.889947,0.000000,3.141592,
0.020000,5.330294,25.000000,2.130333,-5.167460,6.889947,0.000000,3.141592,
0.020000,5.436399,25.000000,2.236438,-5.305259,6.889947,0.000000,3.141592,
0.020000,5.545260,25.000000,2.345299,-5.443058,6.889947,0.000000,3.141592,
0.020000,5.656877,25.000000,2.456917,-5.580857,6.889947,0.000000,3.141592,
0.020000,5.771250,25.000000,2.571290,-5.718656,6.889947,0.000000,3.141592,
0.020000,5.888340,25.000000,2.688379,-5.854487,6.791519,-4.921391,3.141592,
0.020000,6.008068,25.000000,2.808107,-5.986380,6.594664,-9.842782,3.141592,
0.020000,6.130354,25.000000,2.930394,-6.114336,6.397808,-9.842782,3.141592,
0.020000,6.255121,25.000000,3.055161,-6.238355,6.200952,-9.842782,3.141592,
0.020000,6.382290,25.000000,3.182330,-6.358437,6.004097,-9.842782,3.141592,
0.020000,6.511782,25.000000,3.311821,-6.474582,5.807241,-9.842782,3.141592,
0.020000,6.643518,25.000000,3.443557,-6.586790,5.610386,-9.842782,3.141592,
0.020000,6.777419,25.000000,3.577458,-6.695060,5.413530,-9.842782,3.141592,
0.020000,6.913407,25.000000,3.713446,-6.799394,5.216674,-9.842782,3.141592,
0.020000,7.051402,25.000000,3.851442,-6.899790,5.019819,-9.842782,3.141592,
0.020000,7.191327,25.000000,3.991367,-6.996249,4.822963,-9.842782,3.141592,
0.020000,7.333103,25.000000,4.133142,-7.088771,4.626107,-9.842782,3.141592,
0.020000,7.476650,25.000000,4.276689,-7.177356,4.429252,-9.842782,3.141592,
0.020000,7.621890,25.000000,4.421929,-7.262004,4.232396,-9.842782,3.141592,
0.020000,7.768744,25.000000,4.568784,-7.342715,4.035541,-9.842782,3.141592,
0.020000,7.917134,25.000000,4.717174,-7.419489,3.838685,-9.842782,3.141592,
0.020000,8.066981,25.000000,4.867020,-7.492325,3.641829,-9.842782,3.141592,
0.020000,8.218205,25.000000,5.018245,-7.561225,3.444974,-9.842782,3.141592,
0.020000,8.370729,25.000000,5.170768,-7.626187,3.248118,-9.842782,3.141592,
0.020000,8.524473,25.000000,5.324513,-7.687213,3.051262,-9.842782,3.141592,
0.020000,8.679359,25.000000,5.479399,-7.744301,2.854407,-9.842782,3.141592,
0.020000,8.835308,25.000000,5.635348,-7.797452,2.657551,-9.842782,3.141592,
0.020000,8.992242,25.000000,5.792281,-7.846666,2.460695,-9.842782,3.141592,
0.020000,9.150080,25.000000,5.950120,-7.891942,2.263840,-9.842782,3.141592,
0.020000,9.308746,25.000000,6.108785,-7.933282,2.066984,-9.842782,3.141592,
0.020000,9.468160,25.000000,6.268199,-7.970685,1.870129,-9.842782,3.141593,
0.020000,9.628243,25.000000,6.428282,-8.004150,1.673273,-9.842782,3.141593,
0.020000,9.788916,25.000000,6.588956,-8.033678,1.476417,-9.842782,3.141593,
0.020000,9.950102,25.000000,6.750141,-8.059270,1.279562,-9.842782,3.141593,
0.020000,10.111720,25.000000,6.911760,-8.080924,1.082706,-9.842782,3.141593,
0.020000,10.273693,25.000000,7.073732,-8.098641,0.885850,-9.842782,3.141593,
0.020000,10.435941,25.000000,7.235981,-8.112421,0.688995,-9.842782,3.141593,
0.020000,10.598387,25.000000,7.398426,-8.122263,0.492139,-9.842782,3.141593,
0.020000,10.760950,25.000000,7.560989,-8.128169,0.295283,-9.842782,3.141593,
0.020000,10.923516,25.000000,7.723556,-8.128312,0.007127,-14.407804,3.141593,
0.020000,11.085870,24.999916,7.885909,-8.117689,-0.531111,-26.911940,3.139622,
0.020000,11.248131,24.999273,8.048172,-8.113128,-0.228081,15.151533,3.135558,
0.020000,11.410118,24.997934,8.210165,-8.099632,-0.674809,-22.336387,3.131018,
0.020000,11.571749,24.995823,8.371809,-8.082198,-0.871680,-9.843569,3.125952,
0.020000,11.732938,24.992855,8.533025,-8.060827,-1.068555,-9.843779,3.120300,
0.020000,11.893600,24.988936,8.693736,-8.035518,-1.265437,-9.844070,3.113992,
0.020000,12.053649,24.983963,8.853861,-8.006272,-1.462325,-9.844416,3.106940,
0.020000,12.212992,24.977822,9.013323,-7.973087,-1.659225,-9.845006,3.099041,
0.020000,12.371537,24.970381,9.172042,-7.935964,-1.856140,-9.845710,3.090166,
0.020000,12.529184,24.961492,9.329940,-7.894903,-2.053075,-9.846755,3.080156,
0.020000,12.685830,24.950983,9.486938,-7.849902,-2.250041,-9.848335,3.068812,
0.020000,12.841362,24.938656,9.642957,-7.800961,-2.447054,-9.850653,3.055879,
0.020000,12.995654,24.924272,9.797919,-7.748078,-2.644137,-9.854148,3.041026,
0.020000,13.148568,24.907547,9.951744,-7.691252,-2.841334,-9.859850,3.023819,
0.020000,13.299937,24.888133,10.104353,-7.630477,-3.038714,-9.868992,3.003671,
0.020000,13.449564,24.865596,10.255668,-7.565749,-3.236409,-9.884762,2.979771,
0.020000,13.597196,24.839381,10.405610,-7.497056,-3.434667,-9.912862,2.950966,
0.020000,13.742494,24.808768,10.554097,-7.424376,-3.633989,-9.966123,2.915561,
0.020000,13.884973,24.772783,10.701050,-7.347667,-3.835456,-10.073324,2.870963,
0.020000,14.023896,24.730083,10.846387,-7.266835,-4.041588,-10.306642,2.813024,
0.020000,14.158040,24.678744,10.990020,-7.181660,-4.258757,-10.858436,2.734774,
0.020000,14.285212,24.615948,11.131852,-7.091574,-4.504321,-12.278179,2.623981,
0.020000,14.401140,24.537633,11.271753,-6.995056,-4.825860,-16.076982,2.459131,
0.020000,14.497240,24.438907,11.409529,-6.888790,-5.313304,-24.372179,2.209013,
0.020000,14.558995,24.318337,11.544994,-6.773247,-5.777166,-23.193124,1.867244,
0.020000,14.574830,24.185902,11.678372,-6.668910,-5.216858,28.015439,1.521515,
0.020000,14.550563,24.056628,11.809903,-6.576567,-4.617120,29.986883,1.265162,
0.020000,14.500637,23.937138,11.939404,-6.475028,-5.076981,-22.993056,1.096234,
0.020000,14.435813,23.827615,12.066673,-6.363475,-5.577640,-25.032956,0.983269,
